PlantId,year,Month,PlantName,OperatorName,OperatorId,PlantState,CensusRegion,NERCRegion,ReportedPrimeMover,ReportedFuelTypeCode,Netgen,NetGenerationMegawatthours,month_id,cap,daysmonth,monthyear,CF,C_BC,C_FR,C_ST,Gen_BC,Gen_FR,Gen_ST,season,CF_BC,CF_ST,CF_FR,seasonyear,align_raw,align_spd,align_spd3,CF_BC_hat,CF_BC_hat_no,CFrat,CFrat_no,CFdiff,CFdiff_no
56679,2008,January,Benton County Wind Farm,Orion Energy Group LLC,55931,IN,ENC ,RFC,WT,WND,,232891.56,1,0,31,1,,0,0,0,,,,1,,,,1,.65482932,.67826027,.72845858,,,,,,
56679,2008,February,Benton County Wind Farm,Orion Energy Group LLC,55931,IN,ENC ,RFC,WT,WND,,232891.56,2,0,29,2,,0,0,0,,,,1,,,,1,.59970009,.6341241,.69737983,,,,,,
56679,2008,March,Benton County Wind Farm,Orion Energy Group LLC,55931,IN,ENC ,RFC,WT,WND,,232891.56,3,0,31,3,,0,0,0,,,,2,,,,2,.55071849,.53398812,.52520603,,,,,,
56679,2008,April,Benton County Wind Farm,Orion Energy Group LLC,55931,IN,ENC ,RFC,WT,WND,,232891.56,4,0,30,4,,0,0,0,,,,2,,,,2,.55409646,.56900579,.59157073,,,,,,
56679,2008,May,Benton County Wind Farm,Orion Energy Group LLC,55931,IN,ENC ,RFC,WT,WND,25628.13,232891.56,5,130.5,31,5,.2639571726322174,130.5,0,0,25628.13,,,2,.26395717,,,2,.57846189,.58048159,.58907402,,,,,,
56679,2008,June,Benton County Wind Farm,Orion Energy Group LLC,55931,IN,ENC ,RFC,WT,WND,26801.28,232891.56,6,130.5,30,6,.2852413654327393,130.5,0,0,26801.28,,,3,.28524137,,,3,.64929748,.65243524,.65323496,,,,,,
56679,2008,July,Benton County Wind Farm,Orion Energy Group LLC,55931,IN,ENC ,RFC,WT,WND,17535.87,232891.56,7,130.5,31,7,.180610865354538,130.5,0,0,17535.87,,,3,.18061087,,,3,.62527382,.64454055,.69747472,,,,,,
56679,2008,August,Benton County Wind Farm,Orion Energy Group LLC,55931,IN,ENC ,RFC,WT,WND,14113.44,232891.56,8,130.5,31,8,.1453615128993988,130.5,0,0,14113.44,,,3,.14536151,,,3,.55409157,.5530293,.54538202,,,,,,
56679,2008,September,Benton County Wind Farm,Orion Energy Group LLC,55931,IN,ENC ,RFC,WT,WND,16927.02,232891.56,9,130.5,30,9,.1801513433456421,130.5,0,0,16927.02,,,4,.18015134,,,4,.52710342,.53772819,.60192782,,,,,,
56679,2008,October,Benton County Wind Farm,Orion Energy Group LLC,55931,IN,ENC ,RFC,WT,WND,36891.36,232891.56,10,130.5,31,10,.3799629211425781,130.5,0,0,36891.36,,,4,.37996292,,,4,.52934051,.55240297,.643583,,,,,,
56679,2008,November,Benton County Wind Farm,Orion Energy Group LLC,55931,IN,ENC ,RFC,WT,WND,43085.79,232891.56,11,130.5,30,11,.4585545957088471,130.5,0,0,43085.79,,,4,.4585546,,,4,.63304585,.64525586,.66374534,,,,,,
56679,2008,December,Benton County Wind Farm,Orion Energy Group LLC,55931,IN,ENC ,RFC,WT,WND,51908.67,232891.56,12,130.5,31,12,.5346338748931885,130.5,0,0,51908.67,5464,,1,.53463387,,,4,.62793356,.64937687,.69041502,,,,,,
56679,2009,January,Benton County Wind Farm,Orion Energy Group LLC,55931,IN,ENC ,RFC,WT,WND,40137,390208.55,1,130.5,31,13,.4133914113044739,130.5,0,0,40137,8825,,1,.41339141,,,5,.65942341,.67140913,.69379503,,,,,,
56679,2009,February,Benton County Wind Farm,Orion Energy Group LLC,55931,IN,ENC ,RFC,WT,WND,48475,390208.55,2,130.5,28,14,.5527617931365967,130.5,99,0,48475,60866,,1,.55276179,,.91489297,5,.61673748,.64351231,.70175308,.80961406,.80961406,1.4646708,1.4646708,.25685227,.25685227
56679,2009,March,Benton County Wind Farm,Orion Energy Group LLC,55931,IN,ENC ,RFC,WT,WND,42737,390208.55,3,130.5,31,15,.4401701390743256,130.5,400.5,0,42737,89880,,2,.44017014,,.30163908,6,.50387818,.53350478,.59678984,.34654105,.34654105,.78728884,.78728884,-.093629092,-.093629092
56679,2009,April,Benton County Wind Farm,Orion Energy Group LLC,55931,IN,ENC ,RFC,WT,WND,42737,390208.55,4,130.5,30,16,.4548424780368805,130.5,400.5,0,42737,117830,,2,.45484248,,.40862116,6,.54993355,.56637168,.59605402,.42466083,.42466083,.93364376,.93364376,-.030181646,-.030181646
56679,2009,May,Benton County Wind Farm,Orion Energy Group LLC,55931,IN,ENC ,RFC,WT,WND,29255,390208.55,5,130.5,31,17,.3013121485710144,130.5,400.5,0,29255,64372,,2,.30131215,,.21603373,6,.56569481,.57425451,.57997137,.28159684,.28159684,.93456846,.93456846,-.019715309,-.019715309
56679,2009,June,Benton County Wind Farm,Orion Energy Group LLC,55931,IN,ENC ,RFC,WT,WND,21310,390208.55,6,130.5,30,18,.2267986387014389,130.5,400.5,0,21310,47881,,3,.22679864,,.16604592,7,.58811295,.59999949,.63130665,.25222513,.25222513,1.1121104,1.1121104,.025426492,.025426492
56679,2009,July,Benton County Wind Farm,Orion Energy Group LLC,55931,IN,ENC ,RFC,WT,WND,13439.25,390208.55,7,130.5,31,19,.1384176909923554,130.5,400.5,0,13439.25,29349,,3,.13841769,,.098495834,7,.60195881,.59176147,.58283806,.19605687,.19605687,1.4164149,1.4164149,.057639182,.057639182
56679,2009,August,Benton County Wind Farm,Orion Energy Group LLC,55931,IN,ENC ,RFC,WT,WND,20370,390208.55,8,130.5,31,20,.2098010182380676,130.5,400.5,0,20370,44017,,3,.20980102,,.14772193,7,.58599252,.60691959,.65112346,.24159805,.24159805,1.151558,1.151558,.031797037,.031797037
56679,2009,September,Benton County Wind Farm,Orion Energy Group LLC,55931,IN,ENC ,RFC,WT,WND,15143,390208.55,9,130.5,30,21,.161164328455925,130.5,400.5,0,15143,29499,,4,.16116433,,.10229921,8,.50207323,.52461797,.64104974,.20697749,.20697749,1.2842636,1.2842636,.045813158,.045813158
56679,2009,October,Benton County Wind Farm,Orion Energy Group LLC,55931,IN,ENC ,RFC,WT,WND,32937.3,390208.55,10,130.5,31,22,.3392380475997925,130.5,400.5,0,32937.3,80694,,4,.33923805,,.27081069,8,.54866642,.56622988,.58352888,.32214585,.32214585,.9496159,.9496159,-.017092198,-.017092198
56679,2009,November,Benton County Wind Farm,Orion Energy Group LLC,55931,IN,ENC ,RFC,WT,WND,38627,390208.55,11,130.5,30,23,.4111004769802094,130.5,400.5,0,38627,110237,,4,.41110048,,.3822895,8,.53894961,.55787057,.58520669,.403891,.403891,.982463,.982463,-.0072094798,-.0072094798
56679,2009,December,Benton County Wind Farm,Orion Energy Group LLC,55931,IN,ENC ,RFC,WT,WND,45041,390208.55,12,130.5,31,24,.4639002084732056,130.5,600.5,0,45041,146951,,1,.46390021,,.32891721,8,.58030117,.60231888,.67500561,.37742299,.37742299,.81358659,.81358659,-.08647722,-.08647722
56679,2010,January,Benton County Wind Farm,Orion Energy Group LLC,55931,IN,ENC ,RFC,WT,WND,38151,359855.75,1,130.5,31,25,.3929365873336792,130.5,600.5,0,38151,154313,,1,.39293659,,.34539542,9,.69972742,.70561773,.72775662,.37279657,.37279657,.94874483,.94874483,-.020140022,-.020140022
56679,2010,February,Benton County Wind Farm,Orion Energy Group LLC,55931,IN,ENC ,RFC,WT,WND,24709.41,359855.75,2,130.5,28,26,.2817621231079102,130.5,600.5,0,24709.41,105067,,1,.28176212,,.26036587,9,.69145012,.72201645,.72531873,.31028417,.31028417,1.1012274,1.1012274,.028522044,.028522044
56679,2010,March,Benton County Wind Farm,Orion Energy Group LLC,55931,IN,ENC ,RFC,WT,WND,24961,359855.75,3,130.5,31,27,.2570860683917999,130.5,600.5,0,24961,132917,,2,.25708607,,.29750523,10,.50504035,.49839455,.48964977,.30448622,.30448622,1.1843746,1.1843746,.047400147,.047400147
56679,2010,April,Benton County Wind Farm,Orion Energy Group LLC,55931,IN,ENC ,RFC,WT,WND,43525.35,359855.75,4,130.5,30,28,.4632327556610107,130.5,600.5,0,43525.35,178972,,2,.46323276,,.4139421,10,.54032731,.54570335,.54406613,.39723095,.39723095,.85751915,.85751915,-.066001803,-.066001803
56679,2010,May,Benton County Wind Farm,Orion Energy Group LLC,55931,IN,ENC ,RFC,WT,WND,31281.03,359855.75,5,130.5,31,29,.3221792876720429,130.5,600.5,0,31281.03,125497,,2,.32217929,,.2808972,10,.52719808,.53839344,.59520745,.30710286,.30710286,.95320487,.95320487,-.015076429,-.015076429
56679,2010,June,Benton County Wind Farm,Orion Energy Group LLC,55931,IN,ENC ,RFC,WT,WND,20640.51,359855.75,6,130.5,30,30,.219673365354538,130.5,600.5,0,20640.51,82674,,3,.21967337,,.19121565,11,.60063952,.62433177,.6680041,.25170898,.25170898,1.145833,1.145833,.032035619,.032035619
56679,2010,July,Benton County Wind Farm,Orion Energy Group LLC,55931,IN,ENC ,RFC,WT,WND,15597.45,359855.75,7,130.5,31,31,.1606460809707642,130.5,600.5,0,15597.45,58835,,3,.16064608,,.1316891,11,.53924441,.56466967,.62700146,.2024513,.2024513,1.2602319,1.2602319,.041805223,.041805223
56679,2010,August,Benton County Wind Farm,Orion Energy Group LLC,55931,IN,ENC ,RFC,WT,WND,12864,359855.75,8,130.5,31,32,.1324928998947144,130.5,600.5,0,12864,45927,,3,.1324929,,.1027974,11,.53092057,.54635495,.57784683,.17445317,.17445317,1.3166982,1.3166982,.041960269,.041960269
56679,2010,September,Benton County Wind Farm,Orion Energy Group LLC,55931,IN,ENC ,RFC,WT,WND,27907,359855.75,9,130.5,30,33,.2970093786716461,130.5,600.5,0,27907,118452,,4,.29700938,,.27396613,12,.60113633,.63285714,.68959737,.31523347,.31523347,1.0613587,1.0613587,.01822409,.01822409
56679,2010,October,Benton County Wind Farm,Orion Energy Group LLC,55931,IN,ENC ,RFC,WT,WND,37048,359855.75,10,130.5,31,34,.3815762400627136,130.5,600.5,0,37048,154686,,4,.38157624,,.3462303,12,.67246485,.66155428,.6611163,.36408877,.36408877,.95417047,.95417047,-.017487466,-.017487466
56679,2010,November,Benton County Wind Farm,Orion Energy Group LLC,55931,IN,ENC ,RFC,WT,WND,44039,359855.75,11,130.5,30,35,.4686994552612305,130.5,600.5,0,44039,179569,,4,.46869946,,.41532287,12,.56169182,.57860118,.60318941,.4065077,.4065077,.86730993,.86730993,-.062191755,-.062191755
56679,2010,December,Benton County Wind Farm,Orion Energy Group LLC,55931,IN,ENC ,RFC,WT,WND,39132,359855.75,12,130.5,31,36,.4030404090881348,130.5,600.5,0,39132,162903,,1,.40304041,,.36462224,12,.59650123,.60476285,.63575679,.37399051,.37399051,.92792308,.92792308,-.029049903,-.029049903
56679,2011,January,Benton County Wind Farm,Orion Energy Group LLC,55931,IN,ENC,RFC,WT,WND,33235,347721,1,130.5,31,37,.3423041999340057,130.5,600.5,0,33235,141984,,1,.3423042,,.31779969,13,.67695183,.68662524,.71774477,.36661771,.36661771,1.0710289,1.0710289,.024313509,.024313509
56679,2011,February,Benton County Wind Farm,Orion Energy Group LLC,55931,IN,ENC,RFC,WT,WND,40368,347721,2,130.5,28,38,.460317462682724,130.5,600.5,0,40368,179035,,1,.46031746,,.4436655,13,.61711639,.60952491,.59485561,.44146422,.44146422,.95904297,.95904297,-.018853247,-.018853247
56679,2011,March,Benton County Wind Farm,Orion Energy Group LLC,55931,IN,ENC,RFC,WT,WND,40523,347721,3,130.5,31,39,.4173670411109924,130.5,600.5,0,40523,171150,,2,.41736704,,.38308132,14,.53106391,.54047114,.58322209,.39553988,.39553988,.94770271,.94770271,-.021827161,-.021827161
56679,2011,April,Benton County Wind Farm,Orion Energy Group LLC,55931,IN,ENC,RFC,WT,WND,45354,347721,4,130.5,30,40,.4826947748661041,130.5,600.5,0,45354,192220,,2,.48269477,,.44458321,14,.56402999,.57955474,.60682887,.44380945,.44380945,.91944116,.91944116,-.038885325,-.038885325
56679,2011,May,Benton County Wind Farm,Orion Energy Group LLC,55931,IN,ENC,RFC,WT,WND,29181,347721,5,130.5,31,41,.3005499839782715,130.5,600.5,0,29181,125582,,2,.30054998,,.28108746,14,.52850157,.53461295,.55184257,.31657672,.31657672,1.0533247,1.0533247,.016026735,.016026735
56679,2011,June,Benton County Wind Farm,Orion Energy Group LLC,55931,IN,ENC,RFC,WT,WND,23964,347721,6,130.5,30,42,.25504469871521,130.5,600.5,0,23964,83226,4032,3,.2550447,,.19249237,15,.55107516,.56181747,.58048248,.25580287,.25580287,1.0029727,1.0029727,.00075817108,.00075817108
56679,2011,July,Benton County Wind Farm,Orion Energy Group LLC,55931,IN,ENC,RFC,WT,WND,12812,347721,7,130.5,31,43,.1319573223590851,130.5,600.5,0,12812,23996,7634,3,.13195732,,.053709723,15,.56118155,.55994266,.55264217,.15043554,.15043554,1.1400317,1.1400317,.018478215,.018478215
56679,2011,August,Benton County Wind Farm,Orion Energy Group LLC,55931,IN,ENC,RFC,WT,WND,11943,347721,8,130.5,31,44,.1230070441961289,130.5,600.5,0,11943,23942,12557,3,.12300704,,.053588856,15,.56616861,.58143479,.5982998,.15673143,.15673143,1.2741662,1.2741662,.033724383,.033724383
56679,2011,September,Benton County Wind Farm,Orion Energy Group LLC,55931,IN,ENC,RFC,WT,WND,20176,347721,9,130.5,30,45,.2147296667098999,130.5,600.5,0,20176,47338,19492,4,.21472967,,.10948747,16,.61885744,.61958325,.62255317,.20099443,.20099443,.93603474,.93603474,-.013735235,-.013735235
56679,2011,October,Benton County Wind Farm,Orion Energy Group LLC,55931,IN,ENC,RFC,WT,WND,21695,347721,10,130.5,31,46,.223447859287262,130.5,600.5,0,21695,117812,25679,4,.22344786,.22948661,.26369601,16,.59201652,.63831389,.68545413,.24842326,.32254326,1.1117729,1.4434834,.024975404,.099095404
56679,2011,November,Benton County Wind Farm,Orion Energy Group LLC,55931,IN,ENC,RFC,WT,WND,39528,347721,11,130.5,30,47,.4206896424293518,130.5,600.5,0,39528,202493,45770,4,.42068964,.4226692,.4683435,16,.56234246,.56515592,.58056295,.40955269,.45750964,.9735269,1.087523,-.011136949,.036819994
56679,2011,December,Benton County Wind Farm,Orion Energy Group LLC,55931,IN,ENC,RFC,WT,WND,28942,347721,12,130.5,31,48,.298088401556015,130.5,600.5,0,28942,139135,32470,1,.2980884,.29017603,.31142282,16,.62544614,.63806552,.67696863,.28424996,.35625342,.95357603,1.1951268,-.01383844,.058165014
56679,2012,January,Benton County Wind Farm,Orion Energy Group LLC,55931,IN,ENC,RFC,WT,WND,36240,341084,1,130.5,31,49,.3732542395591736,130.5,600.5,0,36240,192167,34341,1,.37325424,.30689669,.43012318,17,.64616734,.68561643,.76542795,.39592949,.48999742,1.0607501,1.3127712,.022675246,.11674318
56679,2012,February,Benton County Wind Farm,Orion Energy Group LLC,55931,IN,ENC,RFC,WT,WND,29835,341084,2,130.5,29,50,.3284780085086823,130.5,600.5,0,29835,141856,24297,1,.32847801,.23211093,.33941063,17,.61063296,.62769431,.67879486,.33909786,.41155684,1.0323305,1.2529205,.010619849,.083078831
56679,2012,March,Benton County Wind Farm,Orion Energy Group LLC,55931,IN,ENC,RFC,WT,WND,38816,341084,3,130.5,31,51,.3997857570648193,130.5,600.5,0,38816,179327,35025,2,.39978576,.31300941,.4013837,18,.5381,.56178451,.60612828,.39237541,.44670913,.98146421,1.1173713,-.0074103475,.046923369
56679,2012,April,Benton County Wind Farm,Orion Energy Group LLC,55931,IN,ENC,RFC,WT,WND,37498,341084,4,130.5,30,52,.3990847170352936,130.5,600.5,0,37498,189969,35397,2,.39908472,.32687834,.43937692,18,.50770664,.52464449,.56184739,.42500836,.46829709,1.0649577,1.1734278,.02592364,.069212377
56679,2012,May,Benton County Wind Farm,Orion Energy Group LLC,55931,IN,ENC,RFC,WT,WND,27333,341084,5,130.5,31,53,.2815164923667908,130.5,600.5,0,27333,105170,25301,2,.28151649,.22610852,.23539971,18,.52632886,.53340852,.55288494,.27684757,.31790078,.98341513,1.1292439,-.0046689212,.036384284
56679,2012,June,Benton County Wind Farm,Orion Energy Group LLC,55931,IN,ENC,RFC,WT,WND,23680,341084,6,130.5,30,54,.2520221471786499,130.5,600.5,0,23680,85450,20437,3,.25202215,.18872821,.19763623,19,.54842234,.5614596,.58500975,.24571492,.29478103,.9749735,1.1696632,-.0063072294,.042758882
56679,2012,July,Benton County Wind Farm,Orion Energy Group LLC,55931,IN,ENC,RFC,WT,WND,13152,341084,7,130.5,31,55,.1354591548442841,130.5,600.5,0,13152,51337,12778,3,.13545915,.11419369,.11490648,19,.57289249,.5906741,.63112682,.18017046,.24073958,1.3300723,1.7772117,.044711307,.10528043
56679,2012,August,Benton County Wind Farm,Orion Energy Group LLC,55931,IN,ENC,RFC,WT,WND,10663,341084,8,130.5,31,56,.1098236739635468,130.5,600.5,0,10663,42152,10730,3,.10982367,.095891245,.094347902,19,.49226639,.50274837,.5339275,.17579174,.21211639,1.6006726,1.9314269,.065968066,.10229272
56679,2012,September,Benton County Wind Farm,Orion Energy Group LLC,55931,IN,ENC,RFC,WT,WND,15693,341084,9,130.5,30,57,.1670178771018982,130.5,600.5,0,15693,81122,18970,4,.16701788,.175181,.18762605,20,.54838377,.55304217,.57553703,.23943394,.28613728,1.4335828,1.7132136,.072416067,.11911941
56679,2012,October,Benton County Wind Farm,Orion Energy Group LLC,55931,IN,ENC,RFC,WT,WND,41731,341084,10,130.5,31,58,.4298088550567627,130.5,600.5,0,41731,99057,37197,4,.42980886,.33242002,.22171712,20,.60969782,.61372858,.62737995,.25867844,.31831297,.60184526,.74059194,-.17113042,-.11149588
56679,2012,November,Benton County Wind Farm,Orion Energy Group LLC,55931,IN,ENC,RFC,WT,WND,26347,341084,11,130.5,30,59,.2804065644741058,130.5,600.5,0,26347,107103,16097,4,.28040656,.1486499,.24771719,20,.55795968,.58154702,.62604809,.27783501,.33713734,.99082917,1.2023162,-.002571553,.056730777
56679,2012,December,Benton County Wind Farm,Orion Energy Group LLC,55931,IN,ENC,RFC,WT,WND,40096,341084,12,130.5,31,60,.4129691421985626,130.5,600.5,0,40096,166470,31072,1,.41296914,.27768245,.37260616,20,.57611752,.60239178,.68450779,.36274347,.43662742,.87837911,1.0572883,-.050225675,.023658276
56679,2013,January,Benton County Wind Farm,Orion Energy Group LLC,55931,IN,ENC,RFC,WT,WND,40756,266976,1,130.5,31,61,.4197668135166168,130.5,600.5,0,40756,199076,32747,1,.41976681,.2926515,.44558746,21,.63917977,.65010715,.70023686,.34672698,.42453426,.82599902,1.0113574,-.07303983,.0047674477
56679,2013,February,Benton County Wind Farm,Orion Energy Group LLC,55931,IN,ENC,RFC,WT,WND,22772,266976,2,130.5,28,62,.2596697807312012,130.5,600.5,0,22772,126448,20542,1,.25966978,.2032477,.31334999,21,.64646989,.67453104,.71636808,.2482702,.3301011,.95609969,1.2712342,-.011399582,.070431322
56679,2013,March,Benton County Wind Farm,Orion Energy Group LLC,55931,IN,ENC,RFC,WT,WND,13894,266976,3,130.5,31,63,.1431013941764832,130.5,600.5,0,13894,161549,34645,2,.14310139,.30961344,.36159161,22,.62817907,.65353197,.70504719,.28478405,.3637912,1.9900857,2.5421917,.14168265,.2206898
56679,2013,April,Benton County Wind Farm,Orion Energy Group LLC,55931,IN,ENC,RFC,WT,WND,16690,266976,4,130.5,30,64,.1776287853717804,130.5,600.5,0,16690,163097,41590,2,.17762879,.38406843,.37722501,22,.55918092,.58202142,.62861127,.30459231,.36453399,1.7147689,2.0522237,.12696353,.18690521
56679,2013,May,Benton County Wind Farm,Orion Energy Group LLC,55931,IN,ENC,RFC,WT,WND,21238,266976,5,130.5,31,65,.2187409847974777,130.5,600.5,0,21238,116745,19688,2,.21874098,.17594659,.26130778,22,.51563656,.52483523,.55045265,.22840282,.26884934,1.0441703,1.2290763,.0096618384,.050108358
56679,2013,June,Benton County Wind Farm,Orion Energy Group LLC,55931,IN,ENC,RFC,WT,WND,16665,266976,6,130.5,30,66,.1773627102375031,130.5,600.5,0,16665,77808,18060,3,.17736271,.16677749,.17996114,23,.57754076,.59047502,.62798244,.16042678,.2202116,.90451247,1.2415891,-.01693593,.042848885
56679,2013,July,Benton County Wind Farm,Orion Energy Group LLC,55931,IN,ENC,RFC,WT,WND,11979,266976,7,130.5,31,67,.1233778297901154,130.5,600.5,0,11979,56016,13050,3,.12337783,.11662449,.12537938,23,.52863067,.54157412,.57070982,.12679511,.17229439,1.0276977,1.3964777,.0034172833,.048916563
56679,2013,August,Benton County Wind Farm,Orion Energy Group LLC,55931,IN,ENC,RFC,WT,WND,11026,266976,8,130.5,31,68,.1135623976588249,130.5,600.5,0,11026,36118,12310,3,.1135624,.1100113,.08084213,23,.56280005,.57517707,.59731805,.091314279,.14345045,.80408901,1.2631862,-.022248119,.029888056
56679,2013,September,Benton County Wind Farm,Orion Energy Group LLC,55931,IN,ENC,RFC,WT,WND,17204,266976,9,130.5,30,69,.1830991953611374,130.5,600.5,0,17204,66657,19210,4,.1830992,.17739731,.15417014,24,.52416348,.5372858,.58305377,.1464933,.19507153,.80007619,1.0653871,-.036605895,.011972338
56679,2013,October,Benton County Wind Farm,Orion Energy Group LLC,55931,IN,ENC,RFC,WT,WND,28190,266976,10,130.5,31,70,.290343165397644,130.5,600.5,0,28190,120719,30936,4,.29034317,.27646706,.2702027,24,.60047269,.62239587,.66315585,.2225541,.29111224,.76652092,1.0026488,-.067789063,.00076907873
56679,2013,November,Benton County Wind Farm,Orion Energy Group LLC,55931,IN,ENC,RFC,WT,WND,41139,266976,11,130.5,30,71,.4378352463245392,130.5,600.5,0,41139,194629,42299,4,.43783525,.39061579,.45015496,24,.61631227,.61832023,.63426739,.35729697,.41864946,.81605345,.95618033,-.080538273,-.019185781
56679,2013,December,Benton County Wind Farm,Orion Energy Group LLC,55931,IN,ENC,RFC,WT,WND,25423,266976,12,130.5,31,72,.2618444263935089,130.5,600.5,0,25423,164081,42982,1,.26184443,.38411906,.36725891,24,.65236092,.67201763,.70734704,.28867579,.36825657,1.1024706,1.4063945,.026831359,.10641214
56679,2014,January,Benton County Wind Farm,Orion Energy Group LLC,55931,IN,ENC,RFC,WT,WND,15788,178015,1,130.5,31,73,.1626086533069611,130.5,600.5,0,15788,205811,46907,1,.16260865,.41919577,.46066228,25,.66766351,.67700565,.688039,.27280515,.34756991,1.6776792,2.1374626,.1101965,.18496126
56679,2014,February,Benton County Wind Farm,Orion Energy Group LLC,55931,IN,ENC,RFC,WT,WND,8832,178015,2,130.5,28,74,.1007115468382835,130.5,600.5,0,8832,117797,23158,1,.10071155,.22913106,.29191199,25,.61741573,.6282481,.64208972,.15445523,.21775883,1.5336398,2.1622033,.053743683,.11704729
56679,2014,March,Benton County Wind Farm,Orion Energy Group LLC,55931,IN,ENC,RFC,WT,WND,13076,178015,3,130.5,31,75,.1346763968467712,130.5,600.5,0,13076,162153,31102,2,.1346764,.27795056,.3629435,26,.56396705,.56974453,.5780313,.21341261,.2607381,1.5846326,1.9360342,.078736216,.12606171
56679,2014,April,Benton County Wind Farm,Orion Energy Group LLC,55931,IN,ENC,RFC,WT,WND,13679,178015,4,130.5,30,76,.1455832272768021,130.5,600.5,0,13679,178026,37418,2,.14558323,.34554154,.4117541,26,.55000222,.56216496,.59482783,.24726079,.29877585,1.6984154,2.0522683,.10167757,.15319262
56679,2014,May,Benton County Wind Farm,Orion Energy Group LLC,55931,IN,ENC,RFC,WT,WND,11806,178015,5,130.5,31,77,.1215960085391998,130.5,600.5,0,11806,140224,27376,2,.12159601,.24465226,.31386033,26,.55270469,.56899279,.60300457,.1747871,.22834168,1.4374411,1.8778715,.053191096,.10674568
56679,2014,June,Benton County Wind Farm,Orion Energy Group LLC,55931,IN,ENC,RFC,WT,WND,11411,178015,6,130.5,30,78,.1214452981948853,130.5,600.5,0,11411,91467,22215,3,.1214453,.2051474,.21155287,27,.53906757,.54845363,.56291771,.10437601,.14793169,.85944873,1.2180933,-.017069288,.026486397
56679,2014,July,Benton County Wind Farm,Orion Energy Group LLC,55931,IN,ENC,RFC,WT,WND,10999,178015,7,130.5,31,79,.1132843047380447,130.5,600.5,0,10999,71205,17640,3,.1132843,.15764414,.15937659,27,.62516117,.65899003,.70536268,.050613794,.1296996,.4467856,1.1449035,-.062670514,.016415298
56679,2014,August,Benton County Wind Farm,Orion Energy Group LLC,55931,IN,ENC,RFC,WT,WND,10513,178015,8,130.5,31,80,.1082787439227104,130.5,600.5,0,10513,38896,12769,3,.10827874,.11411326,.087060064,27,.51136148,.51279658,.52616739,.017377837,.051766872,.16049168,.47808897,-.090900905,-.056511872
56679,2014,September,Benton County Wind Farm,Orion Energy Group LLC,55931,IN,ENC,RFC,WT,WND,11045,178015,9,130.5,30,81,.1175500229001045,130.5,600.5,0,11045,66912,16599,4,.11755002,.15328568,.15475993,28,.51462829,.53831041,.60011053,.058774013,.11160672,.49999151,.94944024,-.05877601,-.0059432983
56679,2014,October,Benton County Wind Farm,Orion Energy Group LLC,55931,IN,ENC,RFC,WT,WND,15171,178015,10,130.5,31,82,.1562538594007492,130.5,600.5,0,15171,133838,29617,4,.15625386,.26467949,.29956666,28,.60736996,.63425505,.68355411,.15550756,.22915365,.99522382,1.4665471,-.00074629486,.072899789
56679,2014,November,Benton County Wind Farm,Orion Energy Group LLC,55931,IN,ENC,RFC,WT,WND,29799,178015,11,130.5,30,83,.317145586013794,130.5,600.5,0,29799,204620,55434,4,.31714559,.5119127,.47326303,28,.65610027,.67824572,.71716458,.2788263,.36085585,.87917447,1.1378239,-.03831929,.043710262
56679,2014,December,Benton County Wind Farm,Orion Energy Group LLC,55931,IN,ENC,RFC,WT,WND,25896,178015,12,130.5,31,84,.2667160928249359,130.5,600.5,0,25896,120624,34405,1,.26671609,.30746862,.26999006,28,.57767779,.59423727,.6491434,.13765335,.20271637,.5161044,.76004547,-.12906274,-.063999727
56679,2015,January,Benton County Wind Farm,Orion Energy Group LLC,55931,IN,ENC,RFC,WT,WND,26991,265567,1,130.5,31,85,.2779940664768219,130.5,600.5,0,26991,151394,40210,1,.27799407,.35934642,.33886188,29,.64760613,.67448097,.72061056,.24405079,.32693988,.87789929,1.1760678,-.033943281,.048945814
56679,2015,February,Benton County Wind Farm,Orion Energy Group LLC,55931,IN,ENC,RFC,WT,WND,22341,265567,2,130.5,28,86,.254755049943924,130.5,600.5,0,22341,153885,34768,1,.25475505,.34400332,.38134143,29,.5999763,.61720312,.65108049,.28273138,.34827757,1.1098166,1.3671076,.027976334,.093522519
56679,2015,March,Benton County Wind Farm,Orion Energy Group LLC,55931,IN,ENC,RFC,WT,WND,24410,265567,3,130.5,31,87,.2514110207557678,130.5,600.5,0,24410,152524,36172,2,.25141102,.32325986,.34139115,30,.54901743,.54993033,.53538811,.26620081,.30288976,1.0588272,1.2047592,.01478979,.051478744
56679,2015,April,Benton County Wind Farm,Orion Energy Group LLC,55931,IN,ENC,RFC,WT,WND,19549,265567,4,130.5,30,88,.2080566138029099,130.5,600.5,0,19549,174142,38114,2,.20805661,.35196882,.40277085,30,.52197242,.57267338,.674218,.29586414,.36718154,1.4220366,1.7648156,.087807521,.15912493
56679,2015,May,Benton County Wind Farm,Orion Energy Group LLC,55931,IN,ENC,RFC,WT,WND,22065,265567,5,130.5,31,89,.2272586822509766,130.5,600.5,0,22065,130990,36098,2,.22725868,.32259852,.29319206,30,.5529536,.56775349,.59047633,.22492108,.27535072,.98971391,1.2116181,-.0023376048,.048092037
56679,2015,June,Benton County Wind Farm,Orion Energy Group LLC,55931,IN,ENC,RFC,WT,WND,15365,265567,6,130.5,30,90,.1635270267724991,130.5,600.5,0,15365,87238,22562,3,.16352703,.20835181,.20177168,31,.5992648,.61062449,.64637423,.15195024,.21632254,.92920566,1.322855,-.011576787,.052795514
56679,2015,July,Benton County Wind Farm,Orion Energy Group LLC,55931,IN,ENC,RFC,WT,WND,11788,265567,7,130.5,31,91,.1214106231927872,130.5,600.5,0,11788,56211,15248,3,.12141062,.13626745,.12581585,31,.56928509,.58320838,.60580486,.10085969,.15511274,.83073205,1.2775879,-.020550929,.03370212
56679,2015,August,Benton County Wind Farm,Orion Energy Group LLC,55931,IN,ENC,RFC,WT,WND,12354,265567,8,130.5,31,92,.1272401362657547,130.5,600.5,0,12354,57614,16040,3,.12724014,.14334536,.12895615,31,.58546615,.60736996,.65539443,.097720705,.16434291,.76800221,1.2915964,-.029519431,.037102774
56679,2015,September,Benton County Wind Farm,Orion Energy Group LLC,55931,IN,ENC,RFC,WT,WND,17288,265567,9,130.5,30,93,.1839931905269623,130.5,600.5,0,17288,73201,24133,4,.18399319,.22285943,.16930567,32,.50399488,.51117706,.5308497,.14087358,.17643052,.76564562,.95889705,-.043119609,-.0075626671
56679,2015,October,Benton County Wind Farm,Orion Energy Group LLC,55931,IN,ENC,RFC,WT,WND,28541,265567,10,130.5,31,94,.293958306312561,130.5,600.5,0,28541,181447,49640,4,.29395831,.44361991,.40612885,32,.59082913,.59300566,.62363356,.30386358,.36256364,1.0336962,1.2333846,.0099052787,.068605334
56679,2015,November,Benton County Wind Farm,Orion Energy Group LLC,55931,IN,ENC,RFC,WT,WND,30224,265567,11,130.5,30,95,.321668803691864,130.5,600.5,0,30224,195368,54180,4,.3216688,.50033247,.45186418,32,.54560751,.54835355,.56765157,.34343985,.38817629,1.0676816,1.2067577,.021771044,.066507488
56679,2015,December,Benton County Wind Farm,Orion Energy Group LLC,55931,IN,ENC,RFC,WT,WND,34651,265567,12,130.5,31,96,.3568883240222931,130.5,600.5,0,34651,198044,53645,1,.35688832,.47941154,.44327757,32,.60505682,.59970129,.58111441,.33568597,.38378048,.94059104,1.0753517,-.021202356,.026892155
